{"cameraMode":{"drawMode":0,"name":"Shaded","section":"Shading Mode"},"sceneLighting":true,"audioPlay":false,"sceneViewState":{"showFog":true,"showMaterialUpdate":false,"showSkybox":true,"showFlares":true,"showImageEffects":true,"showParticleSystems":true,"showVisualEffectGraphs":true,"m_FxEnabled":true},"in2DMode":false,"pivot":{"x":-0.7289204597473145,"y":4.032455921173096,"z":0.12093821913003922},"rotation":{"x":0.08464452624320984,"y":0.6913486123085022,"z":0.08209339529275894,"w":-0.7128352522850037},"size":3.007394790649414,"orthographic":false}